ID_avtorja,avtor,kraj_rojstva,leto_rojstva
4,Douglas Adams,"Cambridge, England, The United Kingdom",1952
7,Bill Bryson,"Des Moines, Polk County, Iowa, The United States",1951
16,Edith Wharton,"New York City, NY, The United States",1862
18,Gary Paulsen,"Minneapolis, Minnesota, The United States",1939
25,Patricia A. McKillip,"Salem, Oregon, The United States",1948
26,Anne McCaffrey,"Cambridge, Massachusetts, The United States",1926
40,John McPhee,"Princeton, New Jersey, The United States",1931
58,Frank Herbert,"Tacoma, Washington, The United States",1920
63,Bryce Courtenay,"Johannesburg, South Africa",1933
106,Madeleine L'Engle,"New York City, New York, The United States",1918
115,George Smoot,"Yukon, Florida, The United States",1945
147,Henry Miller,"Yorkville, Manhattan, New York City, The United States",1891
159,Henry James,"New York, New York, The United States",1843
163,Marguerite Duras,,
197,Tom Robbins,"Blowing Rock, North Carolina, The United States",1936
205,Robert A. Heinlein,"Butler, MO, The United States",1907
214,Norton Juster,"New York, New York, The United States",1929
233,Don DeLillo,"Bronx, New York, The United States",1936
235,Thomas Pynchon,"Glen Cove, Long Island, New York, The United States",1937
236,Harold Bloom,"New York City, The United States",1930
238,Joan Didion,"Sacramento, California, The United States",1934
256,Jared Diamond,"Boston, The United States",1937
289,Eric Hobsbawm,"Alexandria, Egypt",1917
293,Tom Stoppard,"Zlín, Czech Republic",1937
306,William Golding,"St. Columb Minor, Cornwall, The United Kingdom",1911
317,Sharyn McCrumb,"Wilmington, North Carolina, The United States",
337,Walker Percy,"Birmingham, Alabama, The United States",1916
399,Napoleon Hill,"Appalachian Town, Southwest Virginia, The United States",1883
401,Robert M. Pirsig,"Minneapolis, MN, The United States",1928
403,Beverly Cleary,"McMinnville, Oregon, The United States",1916
419,Naomi Klein,"Montreal, Quebec, Canada",1970
432,Ayn Rand,"St. Petersburg, Russian Federation",1905
447,Bernard Malamud,"Brooklyn, New York, The United States",1914
457,Anne Tyler,"Minneapolis, Minnesota, The United States",1941
463,Philip Roth,"Newark, New Jersey, The United States",1933
500,Jorge Luis Borges,"Buenos Aires, Argentina",1899
545,Neal Stephenson,"Fort Meade, MD, The United States",
566,Paulo Coelho,"Rio de Janeiro, Brazil",
575,Robert   Harris,"Nottingham, England, , The United Kingdom",
578,Mary Pope Osborne,"Fort Sill, Oklahoma, The United States",1949
585,John Steinbeck,"Salinas Valley, California, The United States",1902
589,Orson Scott Card,"Richland, Washington, The United States",1951
600,Robert T. Kiyosaki,"Hilo, Hawaii, The United States",1947
614,Arthur Golden,"Chattanooga, Tennessee, The United States",1956
622,Gary Chapman,,
630,Dan Brown,"Exeter, New Hampshire, The United States",
704,Pearl S. Buck,"Hillsboro, West Virginia, The United States",1892
709,Margaret Craven,"Helena, Montana, The United States",1901
721,John Grisham,"Jonesboro, Arkansas, The United States",
722,Robert A. Caro,"New York, The United States",1935
755,Benjamin Graham,,1894
776,Michael   Lewis,"New Orleans, Louisiana, The United States",1960
848,John Gray,"Houston, Texas, The United States",1951
861,Jean M. Auel,"Chicago, Illinois, The United States",1936
908,Alessandro Baricco,"Turin, Italy",1958
996,Ted Hughes,"Mytholmroyd, West Yorkshire, The United Kingdom",1930
1049,Elie Wiesel,"Sighet, Romania",1928
1054,Beryl Markham,"Ashwell, The United Kingdom",1902
1055,Larry McMurtry,"Wichita Falls, Texas, The United States",1936
1194,Richard Dawkins,"Nairobi, Kenya",
1203,Andy Warhol,"Pittsburgh, Pennsylvania, The United States",1928
1209,Ford Madox Ford,"Merton, Surrey, England",1873
1235,Jon Krakauer,"Brookline, Massachusetts, The United States",
1237,Jung Chang,"Sichuan, China",1952
1238,Nelson DeMille,"New York, NY, The United States",
1240,Jack London,"San Francisco, California, The United States",1876
1244,Mark Twain,"Florida, Missouri, The United States",1835
1260,Michel Foucault,"Poitiers, France",1926
1265,Jane Austen,"Steventon Rectory, Hampshire, England",1775
1339,Jane Smiley,"Los Angeles, California, The United States",
1377,Raymond Chandler,"Chicago, Illinois, The United States",1888
1401,Stephen Hawking,"Oxford, The United Kingdom",1942
1404,Kip S. Thorne,,
1421,Leonard Peikoff,"Winnipeg, Manitoba, Canada",1915
1432,Michael Cunningham,"Cincinnati, Ohio, The United States",
1438,Walt Whitman,"West Hills, Huntington, Long Island, New York, The United States",1819
1439,Malcolm Gladwell,"London, England, The United Kingdom",1963
1455,Ernest Hemingway,"Oak Park, Illinois, The United States",1899
1462,Julian Barnes,"Leicester, The United Kingdom",1946
1466,Jean-Paul Sartre,"Paris, France",1905
1467,Jeffrey Eugenides,"Detroit, Michigan, The United States",1960
1538,Stephen R. Covey,"Salt Lake City, Utah, The United States",1932
1539,Dan Millman,"Los Angeles California, The United States",1946
1612,Jeffery Deaver,"Chicago, Illinois, The United States",
1630,Ray Bradbury,"Waukegan, Illinois, The United States",1920
1631,Geraldine McCaughrean,The United Kingdom,1951
1641,Nathaniel Philbrick,"Boston, The United States",
1654,Terry Pratchett,"Beaconsfield, Buckinghamshire, England, The United Kingdom",1948
1711,Thomas Merton,"Prades, France",1915
1728,Orhan Pamuk,"Istanbul, Turkey",1952
1730,Umberto Eco,"Alessandria, Italy",1932
1742,Jack Kerouac,"Lowell, Massachusetts, The United States",1922
1785,Mark Bittman,The United States,
1813,Johan Huizinga,"Groningen, Netherlands",1872
1825,Harper Lee,"Monroeville, Alabama, The United States",1926
1847,Mark Kurlansky," Hartford, Connecticut, The United States",1948
1858,Kim Stanley Robinson,"Waukegen, Illinois, The United States",1952
1860,Walter Benjamin,"Berlin, Germany",1892
1873,David Guterson,"Seattle, Washington, The United States",1956
1881,Dave Pelzer,"Daly City, California, The United States",
1886,Douglas Coupland,,
1899,Howard Zinn,"Brooklyn, New York, New York, The United States",1922
1934,David Bodanis,"Chicago, The United States",
1949,Katherine Paterson,"Qing Jiang, China",1932
1954,Natalie Babbitt,"Dayton, Ohio, The United States",1932
1973,Tracy Chevalier,"Washington, DC., The United States",
2014,Garrison Keillor,"Anoka, Minnesota, The United States",1942
2031,James Hilton,"Leigh, The United Kingdom",1900
2041,Frances Hodgson Burnett,"Cheetham Hill, Manchester, England, The United Kingdom",1849
2062,Henry Hazlitt,,1894
2098,Elizabeth von Arnim,,
2147,Ivo Andrić,,
2238,Isabel Allende,"Lima, Peru",
2313,Louis de Bernières,"London, England",1954
2330,Tim O'Brien,"Minnesota, The United States",1946
2331,Mitch Albom,"Passaic, New Jersey, The United States",
2345,Nicholas Sparks,"Omaha, Nebraska, The United States",
2384,Janet Evanovich,"South River, New Jersey, The United States",
2408,Ian McEwan,"Aldershot, England, The United Kingdom",1948
2448,Arthur Conan Doyle,"Edinburgh, Scotland",1859
2476,Noam Chomsky,"Philadelphia, Pennsylvania, The United States",1928
2493,Lois Lowry,"Oahu, Hawaii, The United States",
2522,Zadie Smith,"London Borough of Brent, The United Kingdom",1975
2533,Graham Greene,"Berkhamsted, Hertfordshire, The United Kingdom",1904
2546,Chuck Palahniuk,"Pasco, WA, The United States",
2560,Louise Fitzhugh,"Memphis, TN, The United States",1928
2565,Ian Fleming,"Mayfair, London, England",1908
2572,Rumer Godden,"Eastbourne, Sussex, England, The United Kingdom",1907
2593,Rudolf Steiner,,
2616,Ruth Prawer Jhabvala,"Cologne, Germany",1927
2637,Karen Armstrong,"Wildmoor, Worcestershire, The United Kingdom",1944
2687,Dan Simmons,"Peoria, Illinois, The United States",1948
2713,E.L. Konigsburg,"New York, The United States",1930
2715,Michael Chabon,"Washington, District of Columbia, The United States",1963
2749,Scott Turow,"Chicago, Illinois, The United States",
2751,Bret Easton Ellis,"Los Angeles, California, The United States",1964
2782,Viktor E. Frankl,"Vienna, Austria",1905
2849,David Sedaris,"Binghamton, New York, The United States",1956
2887,James Ellroy,"Los Angeles, California, The United States",1948
2894,Bernhard Schlink,"Bielefeld, Germany",1944
2929,Nick Hornby,"Redhill, Surrey, England, The United Kingdom",1957
2934,Noah Gordon,"Worcester, Massachusetts, The United States",1926
2987,Sarah Dessen,"Illinois, The United States",
2996,Michael Herr,"Lexington, Kentucky, The United States",1940
3030,Alvin Toffler,"New York City, NY, The United States",1928
3047,John F. Kennedy,"Brookline, Massachusetts, The United States",1917
3049,John Kennedy Toole,"New Orleans, LA, The United States",1937
3061,M. Scott Peck,"New York City, The United States",1936
3073,John Buchan,"Perth, Scotland",1875
3075,John Irving,"Exeter, New Hampshire, The United States",
3080,Judith Viorst,"Newark, New Jersey, The United States",1931
3090,Helen Fielding,"Morley, West Yorkshire, England, The United Kingdom",
3098,Mark Bowden,"St. Louis, MO, The United States",1951
3101,Barry Unsworth,"Wingate, The United Kingdom",1930
3119,Paul Scott,"Southgate, London, The United Kingdom",1920
3145,Sylvia Engdahl,"Los Angeles, California, The United States",1933
3161,Sandra Boynton,"Orange, New Jersey, The United States",1953
3167,Joseph Heller,"Brooklyn, New York, The United States",1923
3190,F. Scott Fitzgerald,"St. Paul, Minnesota, The United States",1896
3242,L. Frank Baum,"Chittenango, New York, The United States",1856
3277,Dava Sobel,The United States,1947
3299,Salman Rushdie,"Bombay, India",1947
3317,Dale Carnegie,"Maryville, Missouri, The United States",1888
3340,Spencer Johnson,"Watertown, South Dakota",1938
3345,Joseph Conrad,,
3347,Frank McCourt,"Brooklyn, New York, The United States",1930
3354,Haruki Murakami,"Kyoto, Japan",1949
3362,Eric Carle,"Syracuse, New York, The United States",1929
3369,Amitav Ghosh,"Calcutta, India",1956
3371,Dave Eggers,"Boston, Massachusetts, The United States",1970
3389,Stephen King,"Portland, Maine, The United States",
3407,Antony Beevor,The United Kingdom,1946
3441,Terry Goodkind,"Omaha, Nebraska, The United States",
3445,Myla Goldberg,The United States,
3447,Ken Follett,"Cardiff, The United Kingdom",
3449,Graham Swift,"London, The United Kingdom",1949
3465,Julia Child,"Pasadena, California, The United States",1912
3472,Margaret Atwood,"Ottawa, Ontario, Canada",
3487,Aldous Huxley,"Godalming, Surrey, England, The United Kingdom",1894
3489,Rebecca Wells,The United States,
3496,John Knowles,"Fairmont, West Virginia, The United States",1926
3500,Anna Quindlen,"Philadelphia, Pennsylvania, The United States",1952
3502,Alice Hoffman,"New York, New York, The United States",
3503,Maya Angelou,"St. Louis, Missouri, The United States",1928
3504,Jacquelyn Mitchard,The United States,
3505,Wally Lamb,"Norwich, Connecticut, The United States",1950
3506,Carson McCullers,"Columbus, Georgia, The United States",1917
3510,Billie Letts,"Tulsa, Oklahoma, The United States",1938
3515,Ann-Marie MacDonald,,
3521,Bret Lott,"Los Angeles, California, The United States",
3524,Joyce Carol Oates,"Lockport, New York, The United States",1938
3526,Jane Hamilton,"Rochester, Wisconsin, The United States",1957
3527,Alan Paton,,
3530,Anita Shreve,"Dedham, Massachusetts",1946
3532,Maeve Binchy,"Dalkey, County Dublin, Ireland",1940
3533,Ernest J. Gaines,,
3534,Toni Morrison,"Lorain, Ohio, The United States",1931
3535,William Faulkner,"New Albany, Mississippi, The United States",1897
3536,Ursula Hegi,"Düsseldorf, Germany",1946
3539,Rohinton Mistry,"Bombay, India",1952
3540,Janet Fitch,"Los Angeles, California, The United States",
3541,Barbara Kingsolver,"Annapolis, Maryland, The United States",1955
3617,Diana Gabaldon,"Arizona, The United States",
3618,Philip Pullman,"Norwich, Norfolk, England, The United Kingdom",1946
3619,Roger Zelazny,"Euclid, Ohio, The United States",1937
3620,Kathleen Winsor,"Olivia, Minnesota, The United States",1919
3670,Jhumpa Lahiri,,
3706,George Orwell,"Motihari, Bihar, India",1903
3720,Anne Frank,"Frankfurt am Main, Germany",1929
3721,Ruud van der Rol,,
3731,Frances Goodrich,"Belleville, New Jersey, The United States",1890
3732,Lorraine Hansberry,"Chicago, The United States",1930
3736,Robert Penn Warren,"Guthrie, Kentucky, The United States",1905
3780,James Patterson,"Newburgh, New York, The United States",
3843,Kenneth Grahame,"Edinburgh, Scotland, The United Kingdom",1859
3873,Mikhail Bulgakov,"Kyiv, Ukraine",1891
3892,Tom Clancy,"Baltimore County, Maryland, The United States",1947
3961,Alan Moore,"Northampton, England, The United Kingdom",
3989,V.S. Naipaul,"Chaguanas, Trinidad and Tobago",1932
3999,James  Jones,"Robinson, The United States",1921
4000,Pat Barker,,
4007,Mary Doria Russell,The United States,
4026,Pablo Neruda,"Parral, Chile",1904
4030,Michael Ondaatje,"Colombo, Sri Lanka",1943
4043,Wilbur Smith,"Kabwe, Zambia",1933
4049,Janette Oke,"Champion, Alberta, Canada",1935
4116,Erich Maria Remarque,"Osnabrück, Germany",1898
4128,J.M. Coetzee,"Cape Town, South Africa",1940
4141,John Julius Norwich,England,1929
4174,Sherman Alexie,"Spokane, Washington, The United States",1966
4178,Cormac McCarthy,"Providence, Rhode Island, The United States",1933
4187,Primo Levi,"Turin, Italy",1919
4203,Sigrid Undset,"Kalundborg, Denmark",1882
4229,Sebastian Faulks,"Donnington, The United Kingdom",1953
4260,Diana Wynne Jones,"London, England, The United Kingdom",1934
4261,Allen Ginsberg,"Newark, New Jersey, The United States",1926
4262,Truddi Chase,"Rochester, The United States",1939
4273,Roald Dahl,"Llandaff, Cardiff, Wales, The United Kingdom",1916
4280,Kazuo Ishiguro,"Nagasaki, Japan",1954
4338,Robert Silverberg,"Brooklyn, New York, The United States",1935
4339,David Foster Wallace,"Ithaca, New York, The United States",1962
4370,Elizabeth Wurtzel,"New York, New York, The United States",1967
4376,Susanna Kaysen,"Cambridge, Massachusetts, The United States",1948
4379,Sylvia Plath,"Jamaica Plain, Massachusetts, The United States",1932
4391,Saul Bellow,"Lachine, Quebec, Canada",1915
4402,Miguel Ruiz,Mexico,1952
4489,Maurice Sendak,"Brooklyn, New York, The United States",1928
4493,Eckhart Tolle,"Dortmund, Germany",1948
4694,Laura Esquivel,"Mexico D.F., Mexico",1950
4735,Kathryn Lasky,"Indianapolis, Indiana, The United States",1944
4738,Alexander McCall Smith,,
4764,Philip K. Dick,"Chicago, Illinois, The United States",1928
4778,John Dos Passos,"Chicago, The United States",1896
4820,Jeffrey Archer,"London, The United Kingdom",1940
4837,Henri J.M. Nouwen,"Nijkerk, Netherlands",1932
4866,Masamune Shirow,"Kobe, Japan",1961
4939,Peter Kreeft,,1937
4952,John Berendt,"Syracuse, New York, The United States",1939
4953,Philippa Pearce,"Great Shelford, Cambridgeshire, The United Kingdom",1920
4999,Scott O'Dell,"Los Angeles, California, The United States",1898
5001,Milton Friedman,"Brooklyn, New York, The United States",1912
5091,Lee Child,The United Kingdom,
5112,Chris Ware,"Omaha, Nebraska, The United States",1967
5117,Art Spiegelman,"Stockholm, Sweden",1948
5143,Seamus Deane,"Derry, Northern Ireland",1940
5144,James Joyce,"Rathgar, Dublin, Ireland",1882
5152,Vladimir Nabokov,"Saint Petersburg, Russian Federation",1899
5194,Michael Crichton,"Chicago, Illinois, The United States",1942
5209,Annie Dillard,"Pittsburgh, PA, The United States",1945
5217,George Bernard Shaw,"Dublin, Ireland",1856
5223,Franz Kafka,,
5228,Jean Anouilh,"Bordeaux, France",1910
5234,Sena Jeter Naslund,"Birmingham, The United States",
5237,Hunter S. Thompson,"Louisville, Kentucky, The United States",1937
5246,Amy Tan,"Oakland, California, The United States",
5282,Scott Adams,"Windham, New York, The United States",1957
5293,Robert Ludlum,"New York, New York, The United States",1927
5300,Laura Ingalls Wilder,"near Pepin, Wisconsin, The United States",1867
5306,Maud Hart Lovelace,"Mankato, MN, The United States",1892
5310,Lois Lenski,"Springfield, Ohio, The United States",1893
5329,Brian Jacques,"Liverpool, The United Kingdom",1939
5336,Judi Barrett,,
5339,Robin McKinley,"Warren, Ohio, The United States",1952
5350,L.M. Montgomery,,
5376,Jack Vance,"San Francisco, California, The United States",1916
5399,Donald Zochert,,
5544,Frank E. Peretti,Canada,1951
5545,Abraham Joshua Heschel,"Warsaw, Poland",1907
5548,Simone de Beauvoir,"Paris, France",1908
5599,Dorothy Allison,The United States,1949
5600,Patrick O'Brian,"Chalfont St. Peter, Buckinghamshire, The United Kingdom",1914
5657,Gore Vidal,"West Point, New York, The United States",1925
5668,Nikos Kazantzakis,"Heraklion, Crete , Greece",1883
5675,Waris Dirie,"Galkacyo, Somalia",
5684,Alex Garland,"London, England, The United Kingdom",1970
5687,Irvine Welsh,"Leith, Scotland",1958
5691,Nora Ephron,"Brooklyn, New York, The United States",1941
5735,Anthony Burgess,"Harpurhey, England, The United Kingdom",1917
5768,John Jakes,"Chicago, The United States",1932
5817,Rodman Philbrick,The United States,
5833,Annette Curtis Klause,"Bristol, England, The United Kingdom",1953
5857,Slavomir Rawicz,"Warsaw, Poland",1915
5858,Richard Bachman,"Portland, Maine, The United States",1941
5869,Erik Larson,"Brooklyn, New York, The United States",
5882,Stephen E. Ambrose,"Lovington, Illinois, The United States",1936
5951,Jeff Smith,"McKees Rocks, Pennsylvania, The United States",1960
5989,Jane Yolen,"New York, New York, The United States",
6001,Carolyn Keene,,
6098,Nicholas Evans,"Worcestershire, The United Kingdom",1950
6125,Fannie Flagg,"Birmingham, Alabama, The United States",1944
6134,Arundhati Roy,"Shillong, Meghalaya, India",
6160,Sophie Kinsella,"London, England, The United Kingdom",
6191,Martin Heidegger,"Meßkirch, Germany",1889
6208,Dodie Smith,"Whitefield, The United Kingdom",1896
6238,Marjane Satrapi,"Rasht, Iran",1969
6251,Julie Garwood,"Kansas City, The United States",
6252,Robert Jordan,"Charleston, South Carolina, The United States",1948
6255,Ryszard Kapuściński,"Pinsk, Belarus",1932
6304,Kathy Acker,"New York City, New York, The United States",1947
6343,Milan Kundera,"Brno, Czech Republic",1929
6356,Barack Obama,"Honolulu, Hawaii, The United States",1961
6404,Jonathan Lethem,"Brooklyn, New York, The United States",1964
6410,Alice Munro,"Wingham, Ontario, Canada",1931
6412,Robert C. O'Brien,"Brooklyn, New York, The United States",1918
6417,James Clavell,"Sydney, New South Wales, Australia",1924
6468,Denis Johnson,"Munich, Germany",1949
6492,Francine Rivers,The United States,
6517,Elias Canetti,"Rousse, Bulgaria",1905
6526,Kōbō Abe,"Kita, Tokyo, Japan",1924
6530,Max Frisch,"Zurich, Switzerland",1911
6568,James D. Bradley,"Wisconsin, The United States",1954
6569,Louis Sachar,"East Meadow, New York, The United States",1954
6570,David Lodge,"London, The United Kingdom",1935
6583,Alison Weir,"London, The United Kingdom",1951
6587,Tad Williams,"San Jose, California, The United States",
6599,Margaret George,"Nashville, Tennessee, The United States",
6669,Wisława Szymborska,"Bnin, Kornik, Poland",1923
6685,Fritjof Capra,"Vienna, Austria",1939
6760,Laurie R. King,"Oakland, California, The United States",
6765,Virginia Woolf,"Kensington, Middlesex, England, The United Kingdom",1882
6810,Wilson Rawls,"Scraper, Oklahoma, The United States",1913
6846,Christopher Paul Curtis,"Flint, Michigan, The United States",1953
6878,John Updike,"Shillington, Pennsylvania, The United States",1932
6900,Thomas Keneally,"Sydney, New South Wales, Australia",1935
6941,Peter Straub,"Milwaukee Wisconsin, The United States",
6942,Pat Conroy,"Atlanta, Georgia, The United States",1945
6944,Jack Finney,"Milwaukee, Wisconsin, The United States",1911
6946,Anne Rivers Siddons,"Atlanta, Georgia, The United States",1936
6975,Peter Matthiessen,"New York City, The United States",1927
6980,Edward de Bono,Malta,1933
6989,Rudyard Kipling,"Bombay, India",1865
7025,Gregory Maguire,"Albany, New York, The United States",1954
7031,James Lee Burke,"Houston, Texas, The United States",1936
7103,Steve Martin,"Waco, Texas, The United States",1945
7113,Anne Lamott,"San Francisco, California, The United States",
7128,Jodi Picoult,"Nesconset, Long Island, New York,, The United States",
7130,Charles Frazier,"Asheville, North Carolina, The United States",1950
7184,Edna O'Brien,"Tuamgraney, County Clare, Ireland",1930
7277,Julia Alvarez,"New York, New York, The United States",
7285,Ken Kesey,"La Junta, Colorado, The United States",1935
7287,Iris Murdoch,"Dublin, Ireland",1919
7308,Susan Cooper,"Burnham, Buckinghamshire, The United Kingdom",
7330,Sinclair Lewis,"Sauk Centre, Minnesota, The United States",1885
7363,Raymond Carver,"Clatskanie, Oregon, The United States",1938
7371,Tobias Wolff,"Birmingham, Alabama, The United States",1945
7372,Philip Gourevitch,"Philadelphia, Pennsylvania, The United States",1961
7380,Alice Walker,"Eatonton, Georgia, The United States",1944
7385,Chaim Potok,"Buffalo, New York, The United States",1929
7419,John Galsworthy,"Kingston, Surrey, The United Kingdom",1867
7440,Emily Dickinson,"Amherst, Massachusetts, The United States",1830
7451,Keri Hulme,"Christchurch, New Zealand",1947
7464,John Cheever,"Quincy, Massachusetts, The United States",1912
7469,Octavio Paz,"Mexico City, D.F., Mexico",1914
7491,Marilynne Robinson,"Sandpoint, Idaho, The United States",1943
7508,Ralph Ellison,"Oklahoma City, Oklahoma, The United States",1913
7549,Elizabeth George Speare,"Melrose, Massachusetts, The United States",1908
7565,William Styron,"Newport News, Virginia, The United States",1925
7577,Anne Rice,"New Orleans, Louisiana, The United States",1941
7617,André Gide,"Paris, France",1869
7621,Jim Thompson,"Anadarko, Oklahoma, The United States",1906
7622,Patricia Highsmith,"Fort Worth, Texas, The United States",1921
7628,Iain Banks,"Dunfermline, Fife, Scotland",1954
7659,Paul Bowles,"Jamaica, Queens, NY, The United States",1910
7672,Ludwig Wittgenstein,,
7680,Eugene O'Neill,"New York, New York, The United States",1888
7689,Eugène Ionesco,"Slatina, Olt County, Romania",1909
7702,Luigi Pirandello,"Agrigento, Sicily, Italy",1867
7713,Sam Shepard,"Fort Sheridan, Illinois, The United States",1943
7715,Robert Frost,"San Francisco, California, The United States",1874
7717,Richard  Adams,"Newbury, Berkshire, England, The United Kingdom",1920
7728,Doris Lessing,"Kermanshah, Iran",1919
7732,Marguerite Yourcenar,"Brussels, Belgium",1903
7735,Irwin Shaw,"South Bronx, New York City, New York, The United States",1913
7745,Thomas Bernhard,"Heerlen, Netherlands",1931
7751,Tennessee Williams,"Columbus, Mississippi, The United States",1911
7779,Arthur C. Clarke,"Minehead, Somerset, England, The United Kingdom",1917
7816,Fernando Pessoa,"Lisbon, Portugal",1888
7844,Richard Russo,"Johnstown, New York, The United States",
7869,Louis-Ferdinand Céline,"Courbevoie, France",1894
7902,Boris Pasternak,"Moscow, Russian Federation",1890
7906,Rainer Maria Rilke,"Prague, Czech Republic",1875
7921,Thomas Wolfe,"Asheville, North Carolina, The United States",1900
7927,Norman Mailer,"Long Branch, New Jersey, The United States",1923
7963,P.G. Wodehouse,"Guildford, Surrey, England, The United Kingdom",1881
7970,Richard Brautigan,"Tacoma, Washington, The United States",1935
7973,Eudora Welty,"Jackson, Mississippi, The United States",1909
7982,Anne Fadiman,"New York, New York, The United States",1953
7995,James A. Michener,"New York, New York, The United States",1907
8050,Ira Levin,"The Bronx, New York City, New York, The United States",1929
8051,Chinua Achebe,"Ogidi, Anambra, Nigeria",1930
8055,Ha Jin,"Liaoning, China",1956
8088,Carlos Castaneda,"Cajamarca, Peru",1925
8113,John Barth," Cambridge, Maryland, The United States",1930
8120,Arthur  Miller,"New York, New York, The United States",1915
8146,Mark Helprin,"Ossining, New York, The United States",1947
8166,Lawrence Durrell,"Jalandhar, India",1912
8167,Reynolds Price,"Macon, North Carolina, The United States",1933
8170,William  Boyd,"Accra, Ghana",1952
8178,Carl Hiaasen,"Miami, Florida, The United States",1953
8203,James Redfield,"Birmingham, Alabama, The United States",1950
8258,Martin Cruz Smith,"Reading, Pennsylvania, The United States",1942
8347,Garth Nix,"Melbourne, Australia",
8361,Dorothy Dunnett,"Dunfermline, Scotland, The United Kingdom",1923
8458,James W. Loewen,"Decatur, Illinois, The United States",1942
8516,Piers Anthony,"Oxford, England, The United Kingdom",1934
8538,Fuyumi Ono,"Nakatsu, Ōita, Japan",1960
8550,Yasunari Kawabata,"Osaka, Japan",1899
8567,Wendell Berry,"Kentucky, The United States",1934
8588,Raymond E. Feist,"Los Angeles, California, The United States",1945
8596,Tamora Pierce,"South Connellsville, Pennsylvania, The United States",
8622,Katherine Dunn,"Garden City, Kansas, The United States",1945
8644,Sylvia Nasar,"Rosenheim, Germany",1947
8649,Juliet Marillier,"Dunedin, New Zealand",
8685,Mercedes Lackey,"Chicago, Illinois, The United States",1950
8694,Tanith Lee,"London, The United Kingdom",1947
8719,Donna Tartt,"Greenwood, Mississippi, The United States",1963
8726,Richard Matheson,"Allendale, New Jersey, The United States",1926
8732,David Eddings,"Spokane, Washington, The United States",1931
8734,Dorothy L. Sayers,"Oxford, England, The United Kingdom",1893
8788,Erich Fromm,"Frankfurt am Main, Germany",1900
8835,Tim Powers,"Buffalo, New York, The United States",1952
8869,Matthew Kneale,"London, The United Kingdom",1960
8875,Halldór Kiljan Laxness,"Reykjavík, Iceland",1902
8924,Lloyd Alexander,"Philadelphia, Pennsylvania, The United States",1924
8933,Alan Lightman,"Memphis, TN, The United States",1948
8987,Theodore Dreiser,"Terre Haute, Indiana, The United States",1871
8993,O. Henry,"Greensboro, North Carolina, The United States",1862
9016,Colin Wilson,"Leicester, Leicestershire, England, The United Kingdom",1931
9020,Herman Wouk,"New York, New York, The United States",1915
9057,Gaston Leroux,"Paris, France",1868
9068,Sidney Sheldon,"Chicago, Illinois, The United States",1917
9074,Thich Nhat Hanh,"Thừa Thiên Huế , Viet Nam",1926
9097,Legs McNeil,"Cheshire, Connecticut, The United States",1956
9144,Sébastien Japrisot,"Marseille, France",1931
9172,Lord Dunsany,"London, England, The United Kingdom",1878
9226,William Gibson,"Conway, South Carolina, The United States",1948
9241,Stephanie Laurens,"Ceylon, Sri Lanka",
9322,Edward Albee,"Virginia, The United States",1928
9325,Gertrude Stein,"Allegheny, Pennsylvania, The United States",1874
9355,Dean Koontz,"Everett, Pennsylvania, The United States",
9374,Neale Donald Walsch,"Milwaukee, Wisconsin, The United States",1943
9388,Louise Erdrich,"Little Falls, Minnesota, The United States",1954
9399,Jeanette Winterson,"Manchester, England, The United Kingdom",1959
9432,Joanne Harris,"Barnsley, The United Kingdom",
9494,H.P. Lovecraft,"Providence, Rhode Island, The United States",1890
9550,Laurell K. Hamilton,"Heber Springs, Arkansas, The United States",1919
9556,Diane Mott Davidson,,
9558,Poppy Z. Brite,"New Orleans, Louisiana, The United States",
9559,Sue Grafton,"Louisville, Kentucky",1940
9599,Paul Theroux,"Medford, Massachusetts, The United States",1941
9629,Terry Brooks,"Sterling, Illinois, The United States",1944
9632,Witold Gombrowicz,"Małoszyce, Poland",1904
9640,Karen Cushman,"Chicago, Illinois, The United States",1904
9657,Richard Wright,"Adams County, Mississippi, The United States",1908
9678,Ann Rule,"Lowell, Michigan, The United States",1931
9685,Chris Van Allsburg,"Grand Rapids, Michigan, The United States",1949
9691,Eric Hansen,,
9720,Mary Norton,"Leighton Buzzard, The United Kingdom",1903
9740,Ralph Moody,"East Rochester, NH, The United States",1898
9759,Mary Balogh,"Swansea, Wales, The United Kingdom",1944
9785,Andre Dubus III,"Oceanside, CA, The United States",1959
9800,Anne Michaels,Canada,1958
9833,Iain Pears,"Coventry, The United Kingdom",1955
9885,Judith McNaught,"San Luis Obispo, California, The United States",1944
9987,Philippa Gregory,Kenya,
10003,Laurie Halse Anderson,"Potsdam, New York, The United States",1923
10015,Kate Atkinson,"York, England, The United Kingdom",1951
10017,Sigmund Freud,"Freiberg in Mähren, Moravia, Austrian Empire, Czech Republic",1856
10020,Lorna Landvik,"Grand Forks, ND, The United States",
10022,Armistead Maupin,"Washington, D.C., The United States",1944
10039,John Fowles,,
10074,Ellen Raskin,"Milwaukee, Wisconsin, The United States",1928
10089,Philip José Farmer,"Terre Haute, Indiana, The United States",1918
10105,Avi,"New York, New York, The United States",1937
10108,Roddy Doyle,"Dublin, Ireland",1958
10229,Christopher Isherwood,"Wyberslegh Hall, High Lane, Cheshire, England, The United Kingdom",1904
10256,Harmony Korine,"Bolinas, California, The United States",1973
10264,Henry David Thoreau,"Concord, Massachusetts, The United States",1817
10275,Graham Masterton,"Edinburgh , The United Kingdom",1946
10289,Dennis Lehane,"Dorchester, Boston, Massachusetts, The United States",
10318,Jo Beverley,"Lancashire, England, The United Kingdom",1947
10330,Daniel Quinn,"Omaha, Nebraska, The United States",1935
10331,Ishmael Reed,"Chattanooga, Tennessee",1938
10356,Woody Allen,"The Bronx, New York , The United States",1935
10366,Clive Barker,"Liverpool, The United Kingdom",
10420,Aleksandr Solzhenitsyn,"Kislovodsk, Stavropol Krai, Russian Federation",1918
10427,James Baldwin,"Harlem, New York, The United States",1924
10442,Robert Cormier,"Leominster, Massachusetts, The United States",1925
10538,Carl Sagan,"New York, The United States",1934
10542,Jacob Bronowski,"Łódź, Poland",1908
10547,E.E. Cummings,"Cambridge, Massachusetts, The United States",1894
10652,Marguerite Henry,"Milwaukee, Wisconsin, The United States",1902
10657,Enid Blyton,"East Dulwich, South London, The United Kingdom",1897
10665,Gertrude Chandler Warner,"Putnam, Connecticut, The United States",1890
10673,Eleanor H. Porter,"Littleton, New Hampshire, The United States",1868
10710,W.E.B. Du Bois,"Great Barrington, Massachusetts, The United States",1868
10746,Jim Butcher,"Independence, Missouri, The United States",
10747,David Markson,"Albany, New York, The United States",1927
10838,Ismail Kadare,"Gjirokastër, Albania",1936
10885,Edgar Rice Burroughs,"Chicago, Illinois, The United States",1875
10890,Ruth Rendell,"London, The United Kingdom",1930
10991,Stanisław Lem,,
10992,Alfred Bester,"New York, The United States",1913
11047,Masashi Kishimoto,"Nagi, Okayama, Japan",1974
11072,Daniel Keyes,"Brooklyn, New York, The United States",1927
11081,Margaret Mitchell,"Atlanta, Georgia, The United States",1900
11121,Jerzy Kosiński,"Łódź, Poland",1933
11193,Joe Simpson,"Sheffield, The United Kingdom",1960
11237,Catherine Marshall,"Johnson City, Tennessee, The United States",1914
11315,Evelyn Waugh,"Combe Florey, Somerset, England, The United Kingdom",1903
11337,Martin Amis,"Oxford, Oxfordshire, England, The United Kingdom",1949
11530,Thomas Flanagan,"Greenwich, Connecticut, The United States",1923
11562,Derek Walcott,"Castries, Saint Lucia",1930
11586,David Gemmell,"London, England, The United Kingdom",1948
11593,Beatrix Potter,"Kensington, London, England, The United Kingdom",1866
11633,Sharon Creech,"South Euclid, Ohio, The United States",1945
11646,Lynda Barry,"Richland Center, WI, The United States",1956
11654,Meg Cabot,"Bloomington, Indiana, The United States",
11700,David James Duncan,"Portland, OR, The United States",1952
11728,James McBride,"Red Hook, Brooklyn, New York, The United States",
11882,Erma Bombeck,"Dayton, Ohio, The United States",1927
11889,Ellen Kushner,"Washington, DC , The United States",
12006,Walt Morey,The United States,1907
12034,Carol Shields,"Oak Park, Illinois, The United States",1935
12076,Russell Hoban,"Lansdale, Pennsylvania, The United States",1925
12080,Ralph Waldo Emerson,"Boston, Massachusetts, The United States",1803
12144,James M. McPherson,"Valley City, North Dakota, The United States",1936
12350,Sherwood Smith,The United States,
12447,Arnold Lobel,"Schenectady, New York, The United States",1933
12455,Thomas   Harris,"Jackson, Tennessee, The United States",1940
12470,Michael Connelly,"Philadelphia, Pennsylvania, The United States",
12476,Joe Haldeman,"Oklahoma City, Oklahoma, The United States",1943
12496,Michael   Newton,,1931
12521,William Goldman,"Highland Park, Illinois, The United States",1931
12534,Larry Niven,"Los Angeles, California, The United States",1938
12535,David Morrell,"Kitchener, Ontario, Canada",
12540,Robert Bloch,"Chicago, Illinois, The United States",1917
12542,Bernard Cornwell,"London, England, The United Kingdom",
12551,Alejo Carpentier,"Lausanne, Switzerland",1904
12584,E.L. Doctorow,"Bronx, New York City, New York, The United States",1931
12589,Steven Millhauser,"New York, The United States",1943
12605,Mario Puzo,"Manhattan, New York, The United States",1920
12696,Jerry Spinelli,"Norristown, PA, The United States",1941
12772,Warren Ellis,The United Kingdom,
12806,Hannah Arendt,"Linden, Germany",1906
12810,Julian Jaynes,"West Newton, Massachusetts, The United States",1920
12833,Irving Stone,"San Francisco, California, The United States",1903
12878,Watchman Nee,"Shantou, China",1903
12898,Stephen Chbosky,"Pittsburgh, PA, The United States",1970
12942,Judy Blume,"Elizabeth, New Jersey, The United States",
12980,Stephen R. Donaldson,"Cleveland, Ohio, The United States",1947
13009,Gilles Deleuze,"Paris, France",1925
13078,Kingsley Amis,"Clapham, Wandsworth, London, England, The United Kingdom",1922
13081,Hanif Kureishi,"London, The United Kingdom",1954
13084,Roland Barthes,"Cherbourg, France",1915
13093,Muriel Spark,"Edinburgh, Scotland",1918
13199,Alain de Botton,"Zurich, Switzerland",
13234,Sandra Cisneros,"Chicago, Illinois, The United States",1954
13263,Edith Hamilton,"Dresden, Germany",1867
13275,Charles Bukowski,"Andernach, Germany",1920
13360,William L. Shirer,"Chicago, Illinois, The United States",1904
13388,Shirley Jackson,"San Francisco, California, The United States",1916
13450,Gabriel García Márquez,"Aracataca, Magdalena, Colombia",1927
13453,William Blake,"Golden Square, London, England, The United Kingdom",1757
13652,David Almond,"Newcastle, England, The United Kingdom",1951
13663,Kate DiCamillo,"Philadelphia, Pennsylvania, The United States",
13677,Gail Carson Levine,"New York, New York, The United States",1947
13705,George Selden,"Hartford, Connecticut, The United States",1929
13728,Alvin Schwartz,"Princeton, New Jersey, The United States",1927
13746,Thomas H. Cook,"Fort Payne, Alabama",1947
13778,Bill Watterson,"Washington, D.C., The United States",1958
13944,August Wilson,"Pittsburgh, PA, The United States",1945
13974,Mark Z. Danielewski,"New York, The United States",
14032,Connie Willis,The United States,1945
14033,Winston S. Churchill,,
14053,Simon Winchester,"London, England, The United Kingdom",1944
14079,Jay McInerney,"Hartford, Connecticut, The United States",
14084,Jonathan Kozol,"Boston, MA, The United States",1936
14160,Marilyn French,"Brooklyn, The United States",1929
14164,Shūsaku Endō,"Tokyo, Japan",1923
14220,George MacDonald Fraser,"Carlisle, The United Kingdom",1925
14255,Danielle Steel,"New York, New York, The United States",1947
14403,Ambrose Bierce,"Meigs County, Ohio, The United States",1842
14444,Isaac Bashevis Singer,"Leoncin, Poland",1902
14473,James M. Cain,"Annapolis, Maryland, The United States",1892
14521,Mircea Eliade,"Bucharest, Romania",1907
14617,Margaret Peterson Haddix,"Washington Court House, The United States",1964
14670,Kuki Gallmann,"Treviso, Italy",1943
14870,Alasdair Gray,"Glasgow, Scotland",1934
14965,Garth Ennis,"Holywood, Ireland",1970
15085,Frank Miller,"Olney, Maryland, The United States",1957
15128,Russell Banks,"Newton, Massachusetts, The United States",1940
15151,Zora Neale Hurston,"Notasulga, Alabama, The United States",1891
15248,Flann O'Brien,"Strabane, Ireland",1911
15328,John Hersey,"Tientsin, China",1914
15332,Rachel Carson,"Springdale, Pennsylvania, The United States",1907
15351,William Martin,The United States,
15386,Hermann Broch,"Vienna, Austria",1886
15402,Adam Hochschild,"New York City, The United States",1942
15435,William Carlos Williams,"Rutherford, New Jersey, The United States",1883
15445,Carl Bernstein,"Washington, District of Colombia, The United States",1944
15516,Erich Segal,"Brooklyn, New York, The United States",1937
15543,Alan Hollinghurst,"Stroud, The United Kingdom",1954
15590,Mary  Stewart,"Sunderland, The United Kingdom",1916
15591,Emma Goldman,"Kaunas, Lithuania",1869
15619,Michael Ende,,
15819,Guy Debord,"Paris, France",1931
15865,William James,"New York , The United States",1842
15873,Cornelia Funke,,
15877,Randy Shilts,"Davenport, Iowa, The United States",1951
15907,Tom Perrotta,"Newark, New Jersey, The United States",1961
15923,Georges Perec,"Paris, France",1936
15957,Raymond Queneau,"Le Havre, France",1903
15959,Boris Vian,,
15991,William Gaddis,"New York, New York, The United States",1922
16024,Greg Bear,"San Diego, California, The United States",1951
16059,Michelle Tea,"Chelsea, Boston, Massachusetts, The United States",1971
16073,Robert Walser,,
16086,Robert Coover,"Charles City, Iowa, The United States",1932
16094,Lois McMaster Bujold,"Columbus, Ohio, The United States",
16184,Will Durant,"North Adams, Massachusetts, The United States",1885
16204,Edward Rutherfurd,"Salisbury, England, The United Kingdom",
16218,Christopher Moore,"Toledo, Ohio, The United States",
16266,Kent Haruf,"Pueblo, Colorado, The United States",1943
16494,Sebastian Junger,"Boston, Massachusetts, The United States",
16541,Tony Horwitz,"Washington, DC, The United States",
16628,Walter Farley,"Syracuse, New York, The United States",1915
16652,John Howard Griffin,"Dallas, Texas, The United States",1920
16667,Isaac Asimov,"Petrovichi, Russian Federation",1920
16747,Robert Musil,"Klagenfurt, Austria",1880
16839,James Thurber,"Columbus, Ohio, The United States",1894
16865,Timothy Findley,"Toronto, Ontario, Canada",1930
16892,Michael Shaara,"Jersey City, New Jersey, The United States",1928
16893,MacKinlay Kantor,"Webster City, Iowa, The United States",1904
16904,Richard Bach,"Oak Park, IL, The United States",
16927,Dashiell Hammett,,
16939,Michael Moorcock,"London, The United Kingdom",1939
16943,Norman Maclean,"Clarinda, Iowa, The United States",1902
17055,Jim Harrison,"Grayling, Michigan, The United States",1937
17065,J.D. Robb,"Silver Spring, Maryland, The United States",
17219,Arthur Koestler,"Budapest, Hungary",1905
17220,Nelson Algren,"Michigan, The United States",1909
17245,Abbie Hoffman,"Worcester, Massachusetts, The United States",1936
17248,Whittaker Chambers,"Philadelphia, Pennsylvania, The United States",1901
17290,Maxine Hong Kingston,"Stockton, California, The United States",1940
17326,Erskine Caldwell,"Coweta County, Georgia, The United States",1903
17434,Alex Haley,"Ithaca, New York, The United States",1921
17435,Malcolm X,"Omaha, Nebraska, The United States",1925
17439,Malcolm Lowry,"Wallasey, Merseyside, England, The United Kingdom",1909
17592,Nicolas Tredell,,
17623,D.H. Lawrence,"Eastwood, Nottinghamshire, England",1885
17719,Tracey West,The United States,
17854,Bertrand Russell,"Trellech, Monmouthshire, Wales, The United Kingdom",1872
18062,James Herriot,"Sunderland, The United Kingdom",1916
18067,Georgette Heyer,"London, The United Kingdom",1902
18206,Thor Heyerdahl,Norway,1914
18317,Knut Hamsun,"Lom, Gudbrandsdal, Norway",1859
18479,Margaret Wise Brown,"Pomfret, Connecticut, The United States",1910
18486,Audre Lorde,"New York City, The United States",1934
18540,T.S. Eliot,"St. Louis, Missouri, The United States",1888
18575,Malika Oufkir,Morocco,1953
18719,Peter Hedges,"West Des Moines, Iowa, The United States",1962
18752,Gloria Naylor,"New York, The United States",1950
18930,Anya Seton,"New York, New York, The United States",1904
19038,Kay Redfield Jamison,The United States,
19051,Elizabeth Lowell,,
19053,Carolyn Meyer,"Lewistown, Pennsylvania, The United States",
19109,Stephen Jay Gould," New York City, New York, The United States",1941
19316,Peter Mayle,"Brighton, England, The United Kingdom",1939
19405,Thomas Mann,"Lübeck, Germany",1875
19439,Stephen Briggs,The United Kingdom,1951
19563,Daniel Yergin,,
19595,Vasily Grossman,"Berdychiv, former Russian Empire, Ukraine",1905
19651,Ken Grimwood,"Dothan, Alabama, The United States",1944
19696,Greg Iles,"Stuttgart, Germany",
19706,Jack Higgins,"Newcastle upon Tyne, England, The United Kingdom",1929
19708,Leon Uris,"Baltimore, Maryland, The United States",1924
19879,Stephen Crane,"Newark, New Jersey, The United States",1871
19916,Jonathan Coe,"Birmingham, The United Kingdom",
19929,Tim Winton,"Perth, Australia",1960
19968,John Lennon,"Liverpool, England, The United Kingdom",1940
19982,Frederick Buechner,"New York City, The United States",
20062,Johnny Cash,"Kingsland, Arkansas, The United States",1932
20105,Joseph Campbell,"White Plains, NY, The United States",1904
20369,Joseph Murphy,Ireland,1898
20404,Henry Adams,"Boston, Massachusetts, The United States",1838
20560,Sheri S. Tepper,"Littleton, Colorado",1929
20730,Don Freeman,"San Diego, California, The United States",1908
20842,Georges Bataille,,
20849,Rosamunde Pilcher,"Lelant, Cornwall, England, The United Kingdom",1924
21135,Anne Morrow Lindbergh,"Englewood, New Jersey, The United States",1906
21158,Nancy Kress,"Buffalo, New York, The United States",
21216,Kate Braverman,The United States,1950
21475,Pat Frank,"Chicago, Illinois, The United States",1908
21477,Nevil Shute,"London, England, The United Kingdom",1899
21508,John Cowper Powys,"Shirley, Derbyshire, The United Kingdom",1872
21778,Juan Rulfo,"Sayula, Jalisco, Mexico",1917
21798,Betty Friedan,"Peoria, Illinois, The United States",1921
21903,Anton Myrer,"Worchester, Massachusetts, The United States",1922
21978,Elinor M. Brent-Dyer,"South Shields, Northumberland, The United Kingdom",1894
22018,Mervyn Peake,"Kuling, Jiangxi, China",1911
22099,John     Nichols,"Berkeley, California, The United States",1940
22393,Naomi Wolf,"San Francisco, The United States",
22485,Jacqueline Susann,"Philadelphia, Pennsylvania, The United States",1918
22515,Mario Vargas Llosa,"Arequipa, Peru",1936
22542,Megan Whalen Turner,,
22595,Peter Carey,"Bacchus Marsh, Victoria, Australia",1943
22694,Flannery O'Connor,"Savannah, Georgia, The United States",1925
22698,Richard Llewellyn,"Hendon, The United Kingdom",1906
22996,Frederik Pohl,"New York City, The United States",1919
23012,Clifford D. Simak,"Millville, Wisconsin, The United States",1904
23013,Edmund Morris,"Nairobi, Kenya",1940
23069,Gene Wolfe,"New York, New York, The United States",1931
23129,Robertson Davies,"Thamesville, Ontario, Canada",1913
23284,Julian May,"Chicago, Illinois, The United States",1931
23394,Frederick Exley,"Watertown, NY, The United States",1929
23419,Christopher Priest,"Cheadle, England, The United Kingdom",1943
23509,Jean Craighead George,"Washington, District of Columbia, The United States",1919
23510,Upton Sinclair,"Baltimore, Maryland, The United States",1878
23511,Rita Mae Brown,"Hanover, Pennsylvania, The United States",1944
23890,Laura Kinsale,The United States,
23993,Jean Cocteau,,
24425,Donald Barthelme,"Philadelphia, Pennsylvania, The United States",1931
24655,Sharon Kay Penman,"New York, The United States",
24824,Jon Stone,"New Haven, Connecticut, The United States",1931
24846,Shelby Foote,"Greenville, Mississippi, The United States",1916
24956,Dorothy Parker,"Long Branch, New Jersey, The United States",1893
25022,Jean Rhys,"Roseau, Dominica",1890
25092,Victoria Holt,"Kensington, London, The United Kingdom",1906
25096,Jean Toomer,"Washington, D.C., The United States",1894
25307,Robin Hobb,"California, The United States",
25334,Sarah Waters,"Neyland, Pembrokeshire, Wales, The United Kingdom",1966
25423,John Piper,"Chattanooga, Tennessee, The United States",
25573,Stefan Zweig,"Vienna, Austria",1881
25708,Gao Xingjian,"Taizhou, Jiangsu, China",1940
25824,Julio Cortázar,"Brussels, Belgium",1914
25847,Lester Bangs,"Escondido, California, The United States",1948
25864,John Fante,"Denver, Colorado, The United States",1909
25883,Robert J. Sawyer,"Ottawa, Canada",
26090,William  Kennedy,"Albany, New York, The United States",1928
26335,Hubert Selby Jr.,"Brooklyn, New York, The United States",1928
26338,Henry Roth,,
26372,Kathy Reichs,"Chicago, The United States",
26457,Rosemary Sutcliff,"West Clandon, Surrey, The United Kingdom",1920
26496,Imre Kertész,"Budapest, Hungary",1929
26814,Anne Sexton,"Newton, Massachusetts, The United States",1928
26853,Bertolt Brecht,"Augsburg, Bavaria, Germany",1898
26897,Anne Bishop,The United States,
26946,Mildred D. Taylor,"Jackson, Mississippi, The United States",1943
26957,Gerald Durrell,"Jamshedpur, India",1925
26970,Alistair MacLean,"Glasgow, Scotland, The United Kingdom",1922
26975,Gary Zukav,,
26978,Henri Barbusse,,
27034,Charles Portis,"El Dorado, AR, The United States",1933
27069,Richard Yates,"Yonkers, New York, The United States",1926
27318,Jon Scieszka,"Flint, Michigan, The United States",1954
27397,Benjamin Hoff,"Sylvan, Oregon, The United States",
27405,Brennan Manning,"Brooklyn, New York, The United States",1934
27500,Angela Carter,"Eastbourne, The United Kingdom",1940
27526,Eugenia Price,"Charleston, West Virginia, The United States",1916
27573,Leo F. Buscaglia,The United States,1924
27779,Caleb Carr,"Manhattan, The United States",
27847,Lisa Kleypas,"Texas, The United States",
27855,William H. Gass,"Fargo, North Dakota, The United States",1924
27861,Ian Falconer,"Connecticut, The United States",1959
27903,Marie-Louise von Franz,"Munich, Germany",1915
28229,Banana Yoshimoto,"Tokyo, Japan",1964
28345,Vikram Seth,,
28380,David Niven,"London, The United Kingdom",1910
28544,Sharon Shinn,The United States,1957
28574,Jude Deveraux,"Fairdale, Kentucky, The United States",1947
28576,Fynn,"London , The United Kingdom",1919
28709,Chuck Dixon,"Philadelphia, PA, The United States",
28719,Gail Tsukiyama,"San Francisco, The United States",
28756,John Marsden,Australia,1950
28785,Peter Shaffer,"Liverpool, England, The United Kingdom",1926
28828,Vincent Bugliosi,"Hibbing, Minnesota, The United States",1934
28937,Toni Cade Bambara,"New York City, The United States",1939
29005,Mitsu Yamamoto,,
29064,Dennis Cooper,"Arcadia, California, The United States",1953
29068,Dalton Trumbo,"Montrose, CO, The United States",1905
29174,John Rogers Searle,"Denver, CO",1932
29182,Patricia MacLachlan,"Cheyenne, Wyoming, The United States",1938
29184,Nancy E. Turner,"Dallas, Texas , The United States",
29333,Dietrich Bonhoeffer,"Breslau, Germany",1906
29357,Martin Buber,"Vienna, Austria",1878
29527,Charlotte Perkins Gilman,"Hartford, Connecticut, The United States",1860
29535,Octavia E. Butler,"Pasadena, California, The United States",1947
29544,James Alexander Thom,"Gosport, Indiana, The United States",1933
29574,Seamus Heaney,"Castledawson, Ireland",1939
29581,Leslie Marmon Silko,The United States,1948
29611,James Agee,"Knoxville, Tennessee, The United States",1909
29678,Dodie Bellamy,,
29691,Paul Monette,"Lawrence, Massachusetts, The United States",1945
29901,Michel Tournier,"Paris, France",1924
29919,John Berger,"Highams Park, London, England, The United Kingdom",1926
29952,Jean Genet,"Paris, France",1910
29963,W.B. Yeats,"Sandymount, County Dublin, Ireland",1865
29974,David  Lindsay,"London, England",1876
29998,Thomas M. Disch,"Des Moines, Iowa, The United States",1940
30013,Djuna Barnes,,
30055,Ezra Pound,"Hailey, Idaho, The United States",1885
30074,Tim Pat Coogan,"Monkstown, County Dublin, Ireland",
30095,Jean Webster,"Fredonia, New York, The United States",1876
30654,Eloise Jarvis McGraw,,1915
30681,Joseph Roth,,
30691,Adolf Hitler,"Braunau am Inn, Austria",1889
30716,Alan Bullock,"Trowbridge, Wiltshire, The United Kingdom",1914
30775,Anthony Hope,"Clapton, London, The United Kingdom",1863
30898,Quino,"Guaymallén, Mendoza, Argentina",1932
30913,Laura Hillenbrand,"Fairfax, Virginia, The United States",1967
30953,Donald E. Westlake,"Brooklyn, New York, The United States",1933
31146,Reinhold Niebuhr,"Wright City, Missouri, The United States",1892
31232,Steven Erikson,"Toronto, Canada",
31234,Len Deighton,"London, The United Kingdom",1929
31274,Alain Robbe-Grillet,,
31280,Eugene B. Sledge,"Mobile, Alabama, The United States",1923
31367,Samuel Eliot Morison,"Boston, Massachusetts, The United States",1887
31425,Ben Okri,"Minna, Nigeria",1959
31457,James Dickey,"Atlanta, Georgia, The United States",1923
31707,Ernest Thompson Seton,"South Shields, County Durham , The United Kingdom",1860
31726,Marc Reisner,"Minneapolis, The United States",1948
31845,Marge Piercy,"Detroit, Michigan, The United States",1936
32005,Harold Robbins,"New York, The United States",1916
32498,Iris Johansen,"St. Louis, Missouri",
32507,Akira Kurosawa,"Setagaya, Tokyo, Japan",1910
32530,B. Traven,Germany,
32549,W.P. Kinsella,"Edmonton, Alberta, Canada",1935
32587,Bryan Burrough,,1961
32590,Anthony Horowitz,"Stanmore, Middlesex, The United Kingdom",
32594,Jeph Loeb,"Stamford, Connecticut, The United States",1958
32595,Koushun Takami,"Amagasaki, Hyōgo Prefecture, Osaka, Japan",1969
32807,Romain Gary,"Vilnius , Lithuania",1914
32878,Michel Houellebecq,,
33017,Tom Sharpe,"London, The United Kingdom",1928
33384,Taylor Caldwell,"Manchester, The United Kingdom",1900
33404,Fernando Vallejo,"Medellin, Colombia",1942
33472,Mika Waltari,"Helsinki, Finland",1908
33503,L. Ron Hubbard,"Tilden, Nebraska, The United States",1911
33918,China Miéville,"Norwich, England, The United Kingdom",
33987,LaVyrle Spencer,"Browerville, Minnesota, The United States",1943
33998,Edna St. Vincent Millay,"Rockland, Maine, The United States",1892
34336,Anne Carson,"Toronto, Ontario, Canada",1950
34660,Richard Atwater,"Chicago IL, The United States",1892
34878,Walter Moers,,
35007,William Horwood,"Oxford, The United Kingdom",1944
35201,Mark Achbar,,
35245,Carmen Laforet,"Barcelona, Spain",1921
35258,Yukio Mishima,"Tokyo, Japan",1925
35332,Larry Collins,"Hartford, Connecticut, The United States",1929
35822,Tony Kushner,"New York, New York, The United States",1956
36122,Patricia C. Wrede,"Chicago, The United States",1953
36289,Charles  Williams,"London, The United Kingdom",1886
36332,John Wyndham,"Knowle, Warwickshire, The United Kingdom",1903
36378,Amin Maalouf,"Beirut, Lebanon",1949
36686,Luther Blissett,,
36714,Frederick Forsyth,"Ashford, Kent, England, The United Kingdom",1938
36746,Lemony Snicket,"San Francisco, The United States",
36808,Carlo Levi,"Turin, Italy",1902
36812,Claire Huchet Bishop,,
36910,Langston Hughes,"Joplin, Missouri, The United States",1902
36913,Rabindranath Tagore,"Calcutta, India",1861
37086,Karin Boye,"Gothenburg, Sweden",1900
37218,Edward Abbey,"Indiana, Pennsylvania, The United States",1927
37708,Andrew S. Grove,Hungary,1936
37728,Frantz Fanon,Martinique,1924
37766,Gary Jennings,"Buena Vista, Virginia, The United States",1928
37848,Alberto Moravia,"Via Sgambati, Rome, Italy",1907
37871,José Donoso,"Santiago, Chile",1924
38185,Mary Renault,"London, England, The United Kingdom",1905
38266,Selma Lagerlöf,"Mårbacka, Värmland, Sweden",1858
38285,Carl Jung,"Kesswil, Thurgau, Switzerland",1875
38329,Heinrich Harrer,,
38343,Sean Covey,"Belfast, Ireland, The United Kingdom",1964
38697,Nick Cave,"Warracknabeal, Victoria, Australia",1957
38706,Italo Svevo,,
38951,John Connolly,"Dublin, Ireland",
38968,P.C. Hodgell,"Des Moines, Iowa, The United States",1951
39087,Miguel Ángel Asturias,"Guatemala City, Guatemala",1899
39237,Jamaica Kincaid,"St. Johns, Antigua and Barbuda",1949
39263,Manuel Mujica Láinez,"Buenos Aires, Argentina",1910
39279,Juan Carlos Onetti,"Montevideo, Uruguay",1909
39326,Heinrich Böll,"Cologne, Germany",1917
39349,Ariel Dorfman,"Buenos Aires, Argentina",1942
39402,Patrick Süskind,"Ambach, Bavaria, Germany",1949
39621,Sandra Gulland,"Miami, The United States",
40098,Luke Rhinehart,"Albany, New York, The United States",1932
40311,Piers Paul Read,"Beaconsfield, Buckinghamshire, The United Kingdom",1941
40351,Henry Lincoln,"London, The United Kingdom",
40398,Arturo Pérez-Reverte,"Cartagena, Murcia, Spain",1951
40416,Amélie Nothomb,"Etterbeek, Belgium",1966
40552,Jan Karon,"Lenoir, North Carolina, The United States",1937
40737,Daniel Pennac,"Casablanca, Morocco",1944
41013,Farley Mowat,"Belleville, Canada",1921
41108,Paulo Freire,"Recife, Brazil",1921
41121,Alan Sillitoe,"Nottingham, The United Kingdom",1928
41193,Sara Donati,"Chicago, The United States",
41313,Susan Elizabeth Phillips,,
41469,Oswald Chambers,"Aberdeen, Scotland, The United Kingdom",1874
41495,Romain Rolland,"Clamecy, Nièvre, France",1866
41534,Alfred Jarry,"Laval, France",1873
41542,Helen Dunmore,"Yorkshire, The United Kingdom",1952
41588,Elizabeth Bishop,"Worcester, Massachusetts, The United States",1911
41616,Friedrich Dürrenmatt,"Konolfingen, Switzerland",1921
41938,Robert  Stone,"Brooklyn, The United States",1937
41963,Neil Postman,"New York, New York, The United States",1931
41992,Jerome Lawrence,"Cleveland, OH, The United States",1915
42017,Barbara Shook Hazen,,
42041,Max Weber,"Erfurt, Germany",1864
42288,Clyde Edgerton,"Durham, North Carolina, The United States",1944
42353,Carol O'Connell," New York City, The United States",1947
42354,Margaret Laurence,"Neepawa, Canada",1926
42464,Samad Behrangi,"Tabriz, Iran",1939
42697,Irma S. Rombauer,"St. Louis, Missouri, The United States",1877
42920,Wallace Stevens,"Reading, Pennsylvania, The United States",1879
42927,Mercè Rodoreda,"Barcelona, Spain",1908
43127,Allan Bloom,"Indianapolis, Indiana, The United States",1930
43274,Adrian Conan Doyle,The United Kingdom,1910
43298,Yevgeny Zamyatin,"Lebedian, Russian Federation",1884
43443,Dee Brown,"Alberta, LA, The United States",1908
43602,Harriette Simpson Arnow,"Bronston, KY, The United States",1908
43665,Bruce Chatwin,"Sheffield, The United Kingdom",1940
43828,Aldo Leopold,"Burlington, Iowa, The United States",1887
44003,Katharine Kerr,"Cleveland, Ohio, The United States",
44023,Josephine Tey,"Inverness, Scotland, The United Kingdom",1896
44037,Vernor Vinge,"Waukesha, Wisconsin, The United States",1944
44061,Thornton Wilder,"Madison, Wisconsin, The United States",1897
44150,Federico García Lorca,"Fuente Vaqueros, Granada, Spain",1898
44202,Mikhail Sholokhov,"Veshenskaya, Russian Federation",1905
44545,Oakley Hall,"San Diego, The United States",1920
44694,Harry Mulisch,"Haarlem, Netherlands",1927
45191,Karleen Koen,"New York City, The United States",
45230,Tove Jansson,"Helsinki, Finland",1914
45531,Charles Baxter,"Minneapolis, The United States",1947
45645,Sherwood Anderson,"Camden, Ohio, The United States",1876
45706,Alfred Döblin,"Szczecin, Poland",1878
45712,Katherine Mansfield,"Wellington, New Zealand",1888
45752,Isaiah Berlin,"Riga, Latvia",1909
46158,Marjorie Kinnan Rawlings,"Washington, DC, The United States",1896
46204,Arlene Mosel,"Cleveland, Ohio, The United States",1921
46228,Jim Goad,"Philadelphia, Pennsylvania, The United States",1961
46810,Murray N. Rothbard,"Bronx, New York, The United States",1926
46882,Sanaya Roman,The United States,
47104,Melina Marchetta,"Sydney, Australia",
47118,Nicholas Monsarrat,"Liverpool, England, The United Kingdom",1910
47391,Patrick McCabe,"Clones, County Monaghan, Ireland",1955
47406,W. Michael Gear,"Colorado Springs, Colorado, The United States",1955
47421,Dino Buzzati,"San Pellegrino, Italy",1906
47499,Paullina Simons,"Leningrad, Russian Federation",
47640,Nancy Garden,"Boston, The United States",1938
47687,Barbara Vine,The United Kingdom,1930
48206,Karen Marie Moning,"Cincinnati, Ohio, The United States",
48298,Lin Yutang,"Banzi, China",1895
48305,Cornelius Ryan,"Dublin, Ireland",1920
49111,Samuel R. Delany,"New York City, The United States",1942
49326,Guillermo Cabrera Infante,"Gibara, Cuba",1929
49756,Luis Buñuel,"Calanda, Spain",1900
49757,Joseph Kessel,"Villa Clara, Argentina",1898
49930,Herbert Marcuse,"Berlin, Germany",1898
49941,Alan Furst,"New York City, The United States",1941
50071,Bohumil Hrabal,"Brno, Czech Republic",1914
50416,Fay Weldon,"Alvechurch, England, The United Kingdom",1931
50524,Misha Glenny,,
50782,Antonia White,"London, England, The United Kingdom",1899
50783,Patrick White,"Knightsbridge, London, England, The United Kingdom",1912
50786,Elizabeth Goudge,"Wells, The United Kingdom",1900
50873,L.J. Smith,"Fort Lauderdale, Florida, The United States",1904
50948,Mickey Spillane,"Brooklyn, New York City, The United States",1918
51204,Alastair Reynolds,"Barry, Wales, The United Kingdom",1966
51229,John  Williams,"Clarksville, Texas, The United States",1922
51289,James Lincoln Collier,"New York City, New York, The United States",1928
51424,James Howe,"Oneida, New York, The United States",1946
51484,Paul Zindel,"New York, The United States",1936
51503,Fredric Brown,"Cincinnati, Ohio, The United States",1906
51563,Ahdaf Soueif,"Cairo , Egypt",1950
51575,Colette,,
51589,Chitra Banerjee Divakaruni,,
51606,L.P. Hartley,"Whittlesey, Cambridgeshire, The United Kingdom",1895
51724,Constantinos P. Cavafis,"Alexandria, Egypt",1863
51808,Vicente Huidobro,"Santiago, Chile",1893
52070,John Neufeld,"Chicago, The United States",1938
52074,John Crowley,"Presque Isle, Maine, The United States",1942
52285,Frank Stanford,"Richton, The United States",1948
52601,N.H. Kleinbaum,The United States,1948
52627,Olive Ann Burns,"Banks County, Georgia, The United States",1924
52683,Jorge Amado,,
52776,Christie Dickason,,
53088,Patrick McDonnell,"Elizabeth, The United States",
53259,Stella Gibbons,"London, The United Kingdom",1902
53353,Katharine Weber,"New York City, The United States",1955
53501,George R. Stewart,"Sewickley, Pennsylvania, The United States",1895
53559,Katsuhiro Otomo,"Hasama, Japan",1954
53665,Lewis Grassic Gibbon,,
53937,Joachim Fest,"Berlin, Germany",1926
54103,Jean Giono,,
54133,André Breton,"Tinchebray, France",1896
54354,Robert Merle,"Tebessa, Algeria",1908
54711,Janell Cannon,"St. Paul, Minnesota, The United States",1957
54761,Miles Davis,"Alton, Illinois, The United States",1926
55111,David Henry Hwang,"Los Angeles, California, The United States",1957
56700,Crockett Johnson,The United States,1906
57189,Dylan Thomas,"Swansea, Wales, The United Kingdom",1914
57432,Franz Werfel,"Prague, Bohemia, Czech Republic",1890
57461,Elizabeth Haydon,The United States,1965
57502,Cheryl Richardson,,
57925,Assata Shakur,"Jamaica, Queens, New York, The United States",1947
58411,Keith Waterhouse,"Leeds, West Yorkshire, England, The United Kingdom",1929
58634,Kamala Markandaya,"Chimakurti, India",1924
58917,Eiji Yoshikawa,"Kanagawa prefecture, Japan",1892
58918,Helene Hanff,"Philadelphia, The United States",1916
58971,Joe R. Lansdale,"Gladewater, Texas , The United States",1951
59027,Caroline Alexander,,
59060,John Steakley,"Cleburne, Texas, The United States",1951
59542,Peter Benchley,"New York, New York, The United States",1940
59910,Frank Conroy,"New York, The United States",1936
60177,Guy Gavriel Kay," Weyburn, Saskatchewan, Canada",
60281,Sogyal Rinpoche,"Trehor, Kham, Tibet",
60609,Eve Ensler,"Scarsdale, New York, The United States",1953
61088,Esther Freud,"London, The United Kingdom",1963
61105,Dr. Seuss,"Springfield, MA, The United States",1904
61128,Antonis Samarakis,"Athens, Greece",1919
62110,Paul Brickhill,"Melbourne, Victoria, Australia",1916
62421,Miroslav Krleža,"Zagreb, Croatia",1893
62707,Shunryu Suzuki,"Kanagawa Prefecture, Japan",1904
63523,Alfred Korzybski,"Warsaw, Poland",1879
63564,André Malraux,"Paris, France",1901
63659,Barbara Erskine,"Nottingham, The United Kingdom",1944
63693,Ferrol Sams,"Fayette County, Georgia, The United States",1922
63898,Julia Quinn,"New York City, NY, The United States",
64177,Olaf Stapledon,"Seacombe, Wallasey, Cheshire, England, The United Kingdom",1886
64280,Ludwig Bemelmans,,
64456,Antonio Tabucchi,"Pisa, Italy",1943
64525,Gerald Seymour,"Guildford, Surrey, The United Kingdom",1941
64625,Tatyana Tolstaya,"St. Petersburg, Russia, Russian Federation",1951
64654,Sheila Burnford,The United Kingdom,1918
64941,Donald Ervin Knuth,"Milwaukee, The United States",1938
65685,Nathanael West,"New York City, The United States",1903
65974,Leon Trotsky,"Kherson, Ukraine",1879
66037,Eliyahu M. Goldratt,,
66162,Charles Tazewell,"Des Moines, Iowa, The United States",1900
66186,Harry Allard,"Evanston, Illinois, The United States",1928
66314,W.J. Cash,,
66522,Guillaume Apollinaire,"Rome, Italy",1880
67388,Forrest Carter,"Anniston, Alabama, The United States",1925
68189,Emil M. Cioran,"Răşinari, Romania",1911
68481,Nawal El-Saadawi,"Kafr Tahla, Egypt",1931
68809,John Gunther,"North Side, Chicago, Illinois, The United States",1901
69007,Beatrice Sparks,"Goldburg, Idaho, The United States",1918
70177,Joan Slonczewski,"Hyde Park, New York, The United States",
70180,Hal Clement,"Somerville, Massachusetts, The United States",1922
70540,Ivan Doig,"White Sulphur Springs, Montana, The United States",1939
70692,Tayeb Salih,,
70940,Hella S. Haasse,"Batavia, Indonesia",1918
70993,Michael Bond,"Newbury, Berkshire, England, The United Kingdom",1926
71955,Arthur Hailey,"Luton, Bedfordshire, England, The United Kingdom",1920
71956,Javier Marías,"Madrid, Spain",1951
72039,Roberto Bolaño,"Santiago, Chile",1953
72183,Jonathan Weiner,,
72237,Lynne Reid Banks,"London, England, The United Kingdom",1929
72703,Samuel Butler,"Bingham, Nottinghamshire, England, The United Kingdom",1835
73021,Booth Tarkington,"Indianapolis, Indiana, The United States",1869
73494,Jean Lee Latham,"Buckhannon, West Virginia, The United States",1902
73812,Jack McDevitt,The United States,1935
74248,Radclyffe Hall,,
74263,John Rawls,"Baltimore, The United States",1921
74531,Helen Lester,"Evanston, Illinois, The United States",1936
74572,Katherine Anne Porter,"Indian Creek, Texas, The United States",1890
74649,Maria D. Wilkes,,
74899,Thomas Pakenham,"London, The United Kingdom",1933
75091,Fred Gipson,"Mason, TX, The United States",1908
75287,Jean-Dominique Bauby,"Paris, France",1952
76172,Ernesto Che Guevara,"Rosario, Santa Fe, Argentina",1928
76241,Cesare Pavese,"Santo Stefano Belbo, Italy",1908
76328,Christina Stead,"Rockdale, New South Wales, Australia",1902
76405,Loretta Chase,,
77023,Taro Gomi,"Tokyo, Japan",1945
77193,Helen Prejean,"Baton Rouge, Louisiana, The United States",1939
78755,Margaret Davidson,,
79095,Claude Brown,,
79431,Ernest Holmes,,
80824,Milorad Pavić,"Belgrade, Serbia",1929
80892,Frank O'Hara,"Baltimore, Maryland, The United States",1926
80984,James Herbert,"London, England, The United Kingdom",1943
81466,A.A. Milne,"Hampstead, London, England, The United Kingdom",1882
81570,Gene Kranz,"Toledo, Ohio, The United States",1933
81675,Lewis Thomas,,1913
82608,Rafael Sabatini,"Jesi, Italy",1875
82705,Roy  Lewis,"Felixstowe, The United Kingdom",1913
82937,James Stephens,"Dublin, Ireland",1880
82974,Julius Evola,"Rome, Italy",1898
83846,Margery Williams Bianco,"London, England, The United Kingdom",1881
83925,Anita Rau Badami,"Rourkela, Odisha, India",1961
85288,Benedict Freedman,"New York, The United States",1919
86098,Clarice Lispector,"Tchetchelnik, Ukraine",1920
86404,E.M. Forster,"Marylebone, London, England, The United Kingdom",1879
86801,John Ashbery,"Rochester, New York",1927
86808,John Berryman,"McAlester, Oklahoma, The United States",1914
87683,Jamie Simons,,
87735,Bess Streeter Aldrich,"Cedar Falls, Iowa, The United States",1881
87937,Horace McCoy,"Pegram, Tennessee, The United States",1897
88420,Andrey Kurkov,"Budogoszcz, Russian Federation",1961
88445,Kathleen E. Woodiwiss," Alexandria, Louisiana, The United States",1939
88483,Oswald Spengler,"Blankenburg, Germany",1880
88922,Kenneth Oppel,"Port Alberni, British Columbia, Canada",
89330,Pär Lagerkvist,"Växjö, Småland, Sweden",1891
89552,Munro Leaf,"Hamilton, Maryland, The United States",1905
89863,Tillie Olsen,"Wahoo, Nebraska, The United States",1912
90796,Jerry Mander,The United States,1936
90820,Robert Olen Butler,"Granite City, Illinois, The United States",
91236,Maggie O'Farrell,"Coleraine, Ireland",
92064,Paul Gallico,"New York, NY, The United States",1897
92665,James Branch Cabell,"Richmond, Virginia, The United States",1879
92805,Constantin Virgil Gheorghiu,"Valea Albă, Romania",1916
92881,Helen Hooven Santmyer,"Cincinnati, Ohio, The United States",1895
92974,Gervase Phinn,"Rotherham, South Yorkshire, The United Kingdom",1946
93351,Michelle Magorian,"Portsmouth, The United Kingdom",1947
93353,Abraham   Verghese,"Adis Ababa, Ethiopia",
94301,Theodor W. Adorno,"Frankfurt, Germany",1903
94775,Gerda Weissmann Klein,,
95370,Sharon Dennis Wyeth,"Washington D.C., The United States",
95937,João Guimarães Rosa,"Cordisburgo, Brazil",1908
95947,Vilhelm Moberg,"Moshultamåla, Småland, Sweden",1898
97436,César Vallejo,"Santiago de Chuco, Peru",1901
98909,Owen Wister,"Germantown, outside Philadelphia, , The United States",1860
99473,Edith Pargeter,"Horsehay, Shropshire, The United Kingdom",1913
99703,Anna Akhmatova,,
99849,Esther Forbes,"Westborough, Massachusetts , The United States",1891
100672,Raymond Murphy,,
101823,Pramoedya Ananta Toer,,
102203,Corrie ten Boom,"Amsterdam, Netherlands",1892
104015,Barbara Pym,"Oswestry, Shropshire, The United Kingdom",1913
104728,William Peter Blatty,"New York, New York, The United States",1928
106463,Jay Anson,"New York, The United States",1921
107130,William Strauss,,
107638,Albert Cohen,"Corfu, Greece",1895
108940,Patrick Dennis,"Evanston, Illinois, The United States",1921
112402,Rose Macaulay,"Rugby, Warwickshire, England",1881
112892,Jim Lovell,"Cleveland, Ohio, The United States",1928
113561,Osamu Dazai,,
113844,Elizabeth Marie Pope,The United States,1917
114539,Mordecai Richler,"Montreal, Canada",1931
114722,Spike Milligan,"Ahmednagar, India",1918
115317,Miss Read,,
117182,Susan Faludi,,
117775,William H. Armstrong,The United States,1911
117788,Michael Swan,The United Kingdom,
118391,Xavier Herbert,"Port Hedland, WA, Australia",1901
121072,Janet E. Morris,The United States,
121407,Mo Yan,"Gaomi, Shandong province, China",1955
122479,Erich von Däniken,"Zofingen, Switzerland",1935
122798,Ben Hamper,"Flint, Michigan, The United States",
123023,Glenway Wescott,"Kewaskum, Wisconsin, The United States",1901
123715,Agatha Christie,"Torquay, Devon, England, The United Kingdom",1890
123866,Roland Topor,"Paris, France",1938
124613,Slavenka Drakulić,"Rijeka, Croatia",1949
127676,Danilo Kiš,"Subotica, Serbia",1935
127901,Lloyd C. Douglas,"Columbia City, Indiana, The United States",1877
128382,Leo Tolstoy,"Yasnaya Polyana, Tula, Russian Empire",1828
128499,Irving Wallace,"Chicago, Illinois, The United States",1916
128607,Elfriede Jelinek,"Mürzzuschlag, Styria, Austria",1946
128947,Marlen Haushofer,,
130272,Charles Palliser,The United States,1947
130766,Robert Bolt,"Sale, Cheshire, The United Kingdom",1924
132350,Joy Adamson,,
133522,Tadeusz Borowski,,
134770,Ágota Kristóf,"Csikvánd, Hungary",1935
136007,Andrew Holleran,The United States,1944
137261,Barbara W. Tuchman,"New York, New York, The United States",1912
138426,W. Cleon Skousen,"Raymond, Alberta, Canada",1913
139372,Robert Brody,,
139434,Oğuz Atay,"İnebolu, Kastamonu, Turkey",1934
142899,Bruno Schulz,,
146538,Siegfried Sassoon,"Matfield, Kent, England, The United Kingdom",1886
148413,Patrick Leigh Fermor,"London, The United Kingdom",1915
150701,Jack Schaefer,"Cleveland, Ohio, The United States",1907
153350,Brian W. Kernighan,"Toronto, Ontario, Canada",1942
154550,Ayi Kwei Armah,,
155517,Italo Calvino,"Santiago de Las Vegas, Cuba",1923
157249,William Wharton,"Philadelphia, Pennsylvania, The United States",1925
157527,Fred Uhlman,"Stuttgart, Germany",1901
157779,Wallace Stegner,"Lake Mills, Iowa, The United States",1909
158380,Ann Fairbairn,"Cambridge, Massachusetts",1905
160932,Robert B. Cialdini,The United States,
161460,Bill Knott,"Carson City, Michigan, The United States",
162541,Amy Scholder,The United States,
164153,Hisaya Nakajo,"Osaka, Japan",1973
164170,Harun Yahya,"Ankara, Turkey",1956
167265,Ian Macdonald,The United Kingdom,1948
167395,Alex Kava,The United States,
171515,Georg Trakl,"Salzburg, Austria",1887
174213,Cookie Mueller,"Baltimore, MD, The United States",1949
174592,Vera Bouteneff,,
176217,B.H. Liddell Hart,"Paris, France",1895
179733,Kathleen Duey,,
182839,Tom Brown Jr.,"Toms River, New Jersey, The United States",1950
183491,Amanda Foreman,"London, The United Kingdom",1968
183575,Murray Bail,"Adelaide, SA, Australia",1941
184683,Willem Frederik Hermans,"Amsterdam, Netherlands",1921
188737,Barry Hines,"Hoyland, England, The United Kingdom",1939
191636,Graciliano Ramos,,
192188,Robert Mawson,,
193170,Spencer W. Kimball,"Salt Lake City, Utah, The United States",1895
204351,Melba Pattillo Beals,,
209672,Charles M. Schulz,"Minneapolis, MN, The United States",1922
209681,Chingiz Aitmatov,"Sheker, Kyrgyzstan",1928
213094,Bruce Benderson,The United States,
214546,G.I. Gurdjieff,"Alexandropol , Armenia",1872
215502,Leigh Nichols,,
217192,Raoul Vaneigem,"Lessines Hainaut, Belgium, Belgium",1934
227026,Hans Fallada,"Greifswald, Germany",1893
229241,Stanley Ellin,"Brooklyn, New York, The United States",1916
230318,Erskine Childers,"Mayfair, Middlesex, The United Kingdom",1870
233619,Marcel Proust,"Auteuil, France",1871
245393,Heimito von Doderer,,
245448,William Craig,"Concord, Massachusetts, The United States",
248844,Richard Paige,,
249165,Freya Littledale,"New York City, The United States",
250725,Eric Sloane,"New York, N.Y.",1905
260713,Jan Guillou,Sweden,1944
261742,William March,"Mobile, Alabama, The United States",1893
261784,Gregory McDonald,"Shrewsbury, Mass., The United States",1937
262262,Felix Salten,"Budapest, Hungary",1869
262916,Anna Seghers,"Mainz, Germany",1900
271029,Bernice Morgan,,
274225,Anna Lee Waldo,"Great Falls, Montana, The United States",1925
281443,Ernst Jünger,"Heidelberg, Germany",1895
292578,Elsa Morante,"Rome, Italy",1912
294526,Vassilis Vassilikos,Greece,1934
295074,Linda Yablonsky,,
295289,Richard Hughes,"Weybridge, Surrey, The United Kingdom",1900
296340,Clint Catalyst,,
296961,Paul Auster,"Newark, New Jersey , The United States",1947
302660,Hjalmar Söderberg,"Stockholm, Sweden",1869
305908,Leo Marks,The United Kingdom,1920
311800,Carlos Drummond de Andrade,,
318835,Odysseus Elytis,"Heraklion, Crete, Greece",1911
320625,ایرج پزشک زاد,,
327218,Steve Eddy,,
331826,Urantia Foundation,"Chicago, The United States",1950
338068,Robert Tressell,"Dublin, Ireland",1870
341311,Jay Wright,,
345873,Joan Lindsay,"St. Kilda, Australia",1896
346732,George R.R. Martin,"Bayonne, New Jersey, The United States",1948
348111,Maulana Wahiduddin Khan,"Badharia, India",
349707,Karl Popper,"Vienna, Austria",1902
352751,Raymond Murray,,
367338,Nelson Mandela,"Mvezo, South Africa",1918
368349,Danielle Willis,,
369288,Peter Høeg,"Copenhagen, Denmark",1957
386595,عباس معروفی,,
387955,Susan Coolidge,"Cleveland, Ohio, The United States",1835
396497,Traci Harding,"Carlingford New South Wales, Australia",
410653,Astrid Lindgren,"Vimmerby, Småland, Sweden",1907
426944,T.H. White,"Bombay, India",1906
431149,Truman Capote,"New Orleans, Louisiana, The United States",1924
435477,Shel Silverstein,"Chicago, IL, The United States",1930
439723,Karel Čapek,"Malé Svatoňovice, Czech Republic",1890
443003,P.C. Wren,"Deptford, London, England",1875
449547,H.G. Bissinger,"New York City, The United States",1954
458276,P. Sainath,India,
458937,Lesley Pearse,,
468569,Winifred Watson,"Newcastle upon Tyne, The United Kingdom",1906
481146,John Gardner,"Batavia, New York, The United States",1933
502766,Mariama Bâ,"Dakar, Senegal",1929
516526,Jon R. Luoma,,
516921,Gloria E. Anzaldúa,"Rio Grande Valley, Texas , The United States",1942
537334,Muhammad Mohar Ali,Bangladesh,
563720,O.E. Rølvaag,"Dønna, Nordland, Norway",1876
598299,A.M. Homes,"Washington, D.C., The United States",1961
599584,K. Eric Drexler,"Alameda, CA, The United States",
608211,Robin Waterfield,The United Kingdom,
615182,Annie M.G. Schmidt,"Kapelle, Netherlands",1911
617033,Alexandra David-Néel,,
626222,Anita Diamant,"New York City, The United States",
636591,Pío Baroja,"San Sebastián, Spain",1872
648526,Timothy Conigrave,"Melbourne, Australia",1959
656983,J.R.R. Tolkien,"Bloemfontein, Mangaung, Free State, South Africa",1892
670307,Friedrich A. Hayek,,
678851,Margaret Busby,Ghana,
723256,James H. Schmitz,"Hamburg, Germany",1911
749461,Günter Grass,"Freie Stadt Danzig, Poland",1927
762707,S.E. Hinton,"Tulsa, Oklahoma, The United States",
799335,Ethel Lilian Voynich,"County Cork, Ireland",1864
809913,Jetta Carleton,"Holden, MO, The United States",
814936,Taha Hussein," Izbet el Kilo, Minya, Egypt",1889
819789,J.D. Salinger,"Manhattan, New York, The United States",1919
843200,Oliver Sacks,"London, The United Kingdom",1933
859143,William  Gibson,"New York, New York, The United States",1914
871368,توفيق الحكيم,"Alexandria, Egypt",1898
874602,Ursula K. Le Guin,"Berkeley, California, The United States",1929
875661,Rumi,"Balkh, Afghanistan",1207
880695,H.G. Wells,"Bromley, Kent, England, The United Kingdom",1866
881203,Willa Cather,"Back Creek Valley, Virginia, The United States",1873
951139,J.F. Powers,"Jacksonville, Illinois, The United States",1917
957894,Albert Camus,"Mondovi, Algeria",1913
957910,Henri Charrière,"Ardèche, France",1906
967839,H.A. Rey,"Hamburg, Germany",1898
988142,E.B. White,"Mount Vernon, NY, The United States",1899
1020792,Antoine de Saint-Exupéry,"Lyon, France",1900
1025097,Patricia Cornwell,"Miami, Florida, The United States",
1040250,M.M. Kaye,"Shimla, India",1908
1041311,René Goscinny,"Paris, France",1926
1043937,Mahdi Rizqullah Ahmad,,
1051789,Stuart Chase,"Somersworth, New Hampshire, The United States",1888
1064072,T. Coraghessan Boyle,"Peekskill, NY, The United States",
1067608,Peter S. Beagle,"New York, The United States",1920
1069006,C.S. Lewis,"Belfast, Ireland",1898
1077326,J.K. Rowling,"Yate, South Gloucestershire, England, The United Kingdom",1965
1085845,Bodie Thoene,,1913
1094283,D.M. Thomas,"Redruth, Cornwall, England, The United Kingdom",1935
1113469,Hermann Hesse,"Calw, Württemberg, Germany",1877
1145220,J.I. Packer,"Gloucester, England, The United Kingdom",1926
1159886,Arkady Strugatsky,"Batumi, Georgian SSR, TSFSR, USSR",1925
1169504,A.S. Byatt,"Sheffield, Yorkshire, The United Kingdom",1936
1216116,Ferenc Molnár,"Budapest, Hungary",1878
1221698,Neil Gaiman,,
1244538,Pam Muñoz Ryan," Bakersfield, California, The United States",1951
1251054,Nahoko Uehashi,"Tokyo, Japan",1962
1254084,William Least Heat-Moon,"Kansas City, Missouri, The United States",1937
1262010,Annie Proulx,"Norwich, Connecticut, The United States",1935
1285555,José Saramago,"Golegã, Azinhaga, Portugal",1922
1305302,R.K. Narayan,"Chennai, India",1906
1327003,محمد قطب,"Assiut, Egypt",1919
1353301,V.C. Andrews,"Portsmouth, Virginia, The United States",1923
1357577,Françoise Sagan,"Carjoc, France",1935
1367127,Carlos Fuentes,"Panama City, Panama",1928
1372693,Gene Stratton-Porter,"Wabash County, Indiana, The United States",1863
1375008,إحسان عبد القدوس,"Cairo, Egypt",1919
1388082,Jostein Gaarder,"Oslo, Norway",1952
1411964,John le Carré,"Poole, Dorset, England, The United Kingdom",1931
1417512,J.G. Farrell,"Liverpool , The United Kingdom",1935
1424397,Radwa Ashour,"Cairo, Egypt",1946
1429989,Richard Feynman,"Far Rockaway, Queens, New York, The United States",1918
1433597,Samuel Beckett,,
1470908,The Onion,,
1774448,Jaroslav Hašek,,
1795488,Victor Villaseñor,"Carslbad, The United States",1940
1817938,Barbara Joosse,,
1834895,Nodar Dumbadze,"Tbilisi, Georgia",1924
2001324,John Christopher,"Huyton, Lancashire, The United Kingdom",1922
2001717,Daphne du Maurier,"London, The United Kingdom",1907
2052258,صالح مرسي,Egypt,1929
2327917,Betty  Smith,"Brooklyn, NY, The United States",1896
2450573,Monteiro Lobato,"Taubaté, São Paulo, Brazil",1882
2622245,Lao Tzu,China,
2778055,Kurt Vonnegut,"Indianapolis, Indiana, The United States",1922
2788408,Amiri Baraka,"Newark, New Jersey, The United States",1934
2802356,Hergé,"Etterbeek, Belgium",1907
2875209,T.E. Lawrence,"Gorphwysfa in Tremadog, Caernarfonshire, Wales, The United Kingdom",1888
2893961,Emmuska Orczy,"Tarnaörs, Heves County, Hungary",1865
2897630,Johann David Wyss,"Berne, Switzerland",1743
2899790,Menelaos Lountemis,"Aghia Paraskevi Village, Asia Minor, Turkey",1912
2914435,Alcoholics Anonymous,,
2951738,Noel Streatfeild,"Sussex, The United Kingdom",1895
2993185,Ahlam Mosteghanemi,"Tunis, Tunisia",
3008349,محمد صالح المنجد,,1961
3012988,Robert Graves,"Wimbledon, The United Kingdom",1895
3034502,Douglas R. Hofstadter,"New York City, New York, The United States",1945
3083854,Tom Wolfe,"Richmond, Virginia, The United States",1931
3098058,Belle Becker Sideman,,
3108215,R.F. Delderfield,"London, The United Kingdom",1912
3119443,Abdul-Majeed Zindani,,
3180482,SubGenius Foundation,,
3213777,I.A. Ibrahim,,
3350977,Bernd Heinrich,Germany,
3400721,Pierre Boulle,"Avignon, France",1912
3424060,Adolfo Bioy Casares,"Buenos Aires, Argentina",1914
3429453,Frank B. Gilbreth Jr.,"Plainfield, NJ, The United States",1911
3439713,Kenzaburō Ōe,"Uchiko, Ehime Prefecture, Japan",1935
3494705,Paul  Johnson,"Manchester, England, The United Kingdom",1928
3510823,Walt Disney Company,The United States,
3858028,Mikhail Bakhtin,"Oryol, Russian Federation",1895
4152890,Daniil Kharms,"Saint Petersburg, Russian Federation",1905
4176632,W. Somerset Maugham,"Paris, France",1874
4392029,Chester Himes,"Jefferson City, The United States",1909
4462369,William S. Burroughs,"St. Louis, Missouri, The United States",1914
4471254,R.A. Lafferty,"Neola, Iowa, The United States",1914
4624490,Edgar Allan Poe,"Boston, Massachusetts, The United States",1809
4644002,Alexandre Kojève,"Moscow, Russian Federation",1902
4668876,Guram Dochanashvili,"თბილისი, Georgia",1939
4731222,Ilya Ilf,"Odessa, Ukraine",1897
4735497,Thomas S. Kuhn,"Thomas Kuhn, The United States",1922
4771489,Sándor Márai,,
4841825,Marion Zimmer Bradley,The United States,1930
4859959,Alija Izetbegović,"Šamac, Bosnia and Herzegovina",1925
4917067,Colleen McCullough,"Wellington, New South Wales, Australia",1937
4970672,Maria Dermoût,"Pekalongan, Java, Indonesia",1888
5031025,Anton Chekhov,"Taganrog, Yekaterinoslav Governorate, Russian Empire",1860
5158478,Anonymous,,
5244478,Robert R. McCammon,"Birmingham, Alabama, The United States",1952
5255014,J.M. Barrie,"Kirriemuir, Angus, Scotland",1860
5441368,Antal Szerb,"Budapest, Hungary",1901
5559570,Louise Glück,"New York City, The United States",1943
5752454,Robert Shea,"New York City, New York, The United States",1933
5755759,Anne Golon,"Toulon, Var, France",1921
5769580,Abdul Rahman Munif,"Amman, Jordan",1933
5775185,Ryūnosuke Akutagawa,"Tokyo, Japan",1892
5775606,Ernesto Sabato,"Rojas, Argentina",1911
5807106,Iain M. Banks,"Dunfermline, Fife, Scotland",1954
5810891,Mahatma Gandhi,"Porbander, Gujrat, India",1869
5822041,Eduardo Galeano,"Montevideo, Uruguay",1940
5835922,Naguib Mahfouz,"Cairo, Egypt",1911
5836922,Dai Sijie,"Chengdu, Sichuan, China",1954
6025722,Walter M. Miller Jr.,"New Smyrna Beach, Florida, The United States",1923
6039100,Robert Munsch,"Pittsburgh, Pennsylvania, The United States",1945
6076026,Saki,"Akyab, Myanmar",1870
6281688,David McCullough,"Pittsburgh, The United States",1933
6437238,William Strunk Jr.,,1869
6448979,Better Homes and Gardens,,
6454067,Andrei Platonov,"Voronezh, Russian Federation",1899
6460339,Alain-Fournier,,
6466154,Kahlil Gibran,"Bsharri, Lebanon",1883
6473881,John Paul II,"Wadowice, Poland",1920
6485158,Homer Hickam,"Coalwood, WV, The United States",
6527479,Charles Bernard Nordhoff,"London, The United Kingdom",1887
6538289,David Mitchell,"Southport, The United Kingdom",1969
6580622,W.G. Sebald,"Wertach, Germany",1944
6872556,P.L. Travers,"Maryborough, Australia",1899
6877491,Valerian Pidmohylny,"с. Писарівка, Ukraine",1901
6923076,Chabua Amirejibi,"Tbilisi, Georgian SSR",1921
6952980,Daniel C. Dennett,"Boston, Massachusetts, The United States",1942
6983780,John  Farrow,"Sydney, Australia",1904
7010931,J.G. Ballard,"Shanghai, China",1930
7014283,G.K. Chesterton,"Kensington, London, England",1874
7215049,Isak Dinesen,"Rungsted, Denmark",1885
7491463,Francis A. Schaeffer,"Philadelphia, Pennsylvania, The United States",1912
7594078,Frederick Manfred,"Doon, Iowa, The United States",1931
7625163,Tim LaHaye,"Detroit, Michigan",1926
7728207,Svetlana Alexievich,,
7785453,Black Elk,"Little Powder River, Wyoming, The United States",
7935185,E. Nesbit,"Kennington, Surrey, The United Kingdom",1858
8076193,Sayed Qutb,"Assiut, Egypt",1906
8121659,Venedikt Erofeev,"Kandalaksha, Murmansk Oblast, Russian Federation",1938
8184204,Richard Preston,,
8185168,Charles de Lint,"Bussum, Netherlands",
8274411,مالك بن نبي,Algeria,
8407795,Giuseppe Tomasi di Lampedusa,"Palermo, Sicily, Italy",1896
9826601,Christopher W. Alexander,,
13479797,E.F. Benson,"Crowthorne, Berkshire, England, UK. RG45 7PU, The United Kingdom",1867
13607545,Sadegh Hedayat,"Tehran, Iran",1903
13997171,Andrei Bely,"Moscow, Russian Federation",1880
14002590,W.H. Auden,"York, The United Kingdom",1907
14417372,Elaine Pagels,,1943
14929824,Hannah  Green,,
15220840,Peter  George,"Treorchy, Rhondda, Wales, The United Kingdom",1924
16061597,Sōseki Natsume,"Tokyo, Japan",1867
16227499,P.D. Ouspensky,"Moscow, Russian Empire",1878
16770310,Edward W. Said,"Jerusalem, Palestinian Territory, Occupied",1935
16968911,Hafiz,,
17061538,Mary Elizabeth Haskell,"Columbia, The United States",1873
17452454,P.D. James,"Oxford, The United Kingdom",1920
